antecedents,consequents,antecedent support,consequent support,support,confidence,lift,leverage,conviction
frozenset({'Building'}),frozenset({'Person'}),0.10436079055242713,0.6518985210811175,0.07304389058637689,0.6999169918100827,1.0736594257789245,0.005011245566393388,1.160017293276983
frozenset({'Sleeve'}),frozenset({'Clothing'}),0.044165200654304466,0.5050331922033394,0.024383503222421433,0.5520976438730376,1.093190808834499,0.002078610951677034,1.1050774817901545
frozenset({'Child'}),frozenset({'Person'}),0.04639929126368863,0.6518985210811175,0.0325524888540974,0.7015729759556151,1.0761996741335091,0.00230485950008677,1.1664542781725744
frozenset({'Display'}),frozenset({'Human'}),0.04221764882480521,0.6522780008361181,0.029646066737933106,0.7022197484506622,1.0765651264499594,0.0021084231624878755,1.1677134308091262
frozenset({'Home Decor'}),frozenset({'Person'}),0.07437943486275599,0.6518985210811175,0.05210235992918248,0.7004941624700579,1.0745447946535434,0.0036145163433025443,1.1622527353380292
frozenset({'Building'}),frozenset({'Apparel'}),0.10436079055242713,0.5050016273438662,0.05775317121621508,0.553399134967284,1.0958363399301738,0.005050802156346998,1.1083685935536027
frozenset({'Interior Design'}),frozenset({'Clothing'}),0.08517777328855332,0.5050331922033394,0.04699235990112483,0.551697445082659,1.0923983880658112,0.003974757152434415,1.1040909813416604
frozenset({'Court'}),frozenset({'Clothing'}),0.06633530578632975,0.5050331922033394,0.03669625346161292,0.5531934017130168,1.0953604837328925,0.003194722224558154,1.1077875969028195
frozenset({'Audience'}),frozenset({'Person'}),0.05981084933320988,0.6518985210811175,0.04202299885805353,0.7025982631335136,1.0777724452700321,0.003032394633128467,1.1704756084701582
frozenset({'Leisure Activities'}),frozenset({'Clothing'}),0.08614295654711301,0.5050331922033394,0.04753562620472547,0.5518225529991816,1.0926461102323024,0.004030573873903424,1.104399186324422
frozenset({'Plant'}),frozenset({'Person'}),0.0976094178317607,0.6518985210811175,0.06822498870679472,0.6989590781535764,1.0721900043497767,0.004593553578681062,1.1563261126886495
frozenset({'Chair'}),frozenset({'Clothing'}),0.054173716151949027,0.5050331922033394,0.030087273329236917,0.5553850735446447,1.0997001427205844,0.00272774852750049,1.113248292725416
frozenset({'Home Decor'}),frozenset({'Apparel'}),0.07437943486275599,0.5050016273438662,0.041133220541568816,0.5530187291348385,1.09508306348145,0.003571484894959946,1.1074253104565925
frozenset({'Musical Instrument'}),frozenset({'Clothing'}),0.04645540656941884,0.5050331922033394,0.02565170913192428,0.5521791977773919,1.0933522911006417,0.0021901868570666956,1.105278730554854
frozenset({'Food'}),frozenset({'Human'}),0.06125196052849395,0.6522780008361181,0.04306007985208005,0.7029992098301707,1.0777601098443241,0.0031067734912612055,1.1707780271057513
frozenset({'Transportation'}),frozenset({'Person'}),0.08835600391684834,0.6518985210811175,0.06177804151971471,0.6991946079618302,1.0725513026203468,0.004178893237683855,1.1572315129068937
frozenset({'Electronics'}),frozenset({'Clothing'}),0.08625518715857344,0.5050331922033394,0.047547199986532326,0.551238731870357,1.091490104770013,0.003985467471741493,1.1029624055114962
frozenset({'Indoors'}),frozenset({'Apparel'}),0.30118417323917185,0.5050016273438662,0.16378514571742014,0.5438039587404134,1.0768360521937999,0.011686648101421448,1.085056265042133
frozenset({'People'}),frozenset({'Person'}),0.1668672788846522,0.6518985210811175,0.11653675973390122,0.6983799371143208,1.0713016129506137,0.0077562274121660835,1.154105849552922
frozenset({'Finger'}),frozenset({'Human'}),0.0943508721721393,0.6522780008361181,0.06592215684789104,0.6986915470968702,1.0711560809980671,0.0043791585703038954,1.154039974031774
frozenset({'Shirt'}),frozenset({'Person'}),0.036962450443170626,0.6518985210811175,0.026004884837363816,0.7035487237878357,1.0792304339348107,0.0019091180579267897,1.1742283027641724
frozenset({'Beverage'}),frozenset({'Human'}),0.04604857060287479,0.6522780008361181,0.03231785673201294,0.7018210621720222,1.0759539050410987,0.002281387157808939,1.1661521155611803
frozenset({'Building'}),frozenset({'Human'}),0.10436079055242713,0.6522780008361181,0.0731024609367328,0.7004782212722769,1.0738952108983801,0.0050302131095187885,1.1609239256019999
frozenset({'Child'}),frozenset({'Human'}),0.04639929126368863,0.6522780008361181,0.03253951218964729,0.7012933021912818,1.07514480220448,0.0022742752439557125,1.1640917385339364
frozenset({'Sitting'}),frozenset({'Person'}),0.06352463041056763,0.6518985210811175,0.044473133394499015,0.7000927531110939,1.073929040289968,0.0030615207776253928,1.1606971239605586
frozenset({'Head'}),frozenset({'Human'}),0.14013990948601185,0.6522780008361181,0.09778477816216762,0.6977653868966432,1.0697361953066291,0.006374598165277259,1.1505035627569553
frozenset({'Door'}),frozenset({'Human'}),0.05244957338338819,0.6522780008361181,0.03670642436077652,0.6998421911359562,1.0729201203150625,0.0024947214895528064,1.1584639442826634
frozenset({'Portrait'}),frozenset({'Human'}),0.09908279532783965,0.6522780008361181,0.06933151239166238,0.699733108682109,1.0727528872431094,0.004701984737964876,1.1580430917231912
frozenset({'Table Lamp'}),frozenset({'Clothing'}),0.04276898170360457,0.5050331922033394,0.023766585580049886,0.5556967838223476,1.1003173502279622,0.0021668302229922547,1.114029315508602
frozenset({'Dungeon'}),frozenset({'Human'}),0.03221264053376879,0.6522780008361181,0.022577993260551783,0.700904765533986,1.074549141064908,0.0015663964915325727,1.1625795368645142
frozenset({'Sleeve'}),frozenset({'Apparel'}),0.044165200654304466,0.5050016273438662,0.024378593133170038,0.5519864683507111,1.093038989307755,0.0020750949307778987,1.1048737095816679
frozenset({'Leisure Activities'}),frozenset({'Human'}),0.08614295654711301,0.6522780008361181,0.060219438903058004,0.699063989870408,1.0717270687871085,0.004030283420394534,1.1554682306518997
frozenset({'Accessories'}),frozenset({'Person'}),0.13854307831732643,0.6518985210811175,0.09686764363413942,0.699187897444206,1.0725410088132477,0.006551615773048899,1.157205697381532
frozenset({'Housing'}),frozenset({'Human'}),0.03404410382453866,0.6522780008361181,0.024035939047554918,0.706023550258064,1.0823966918293313,0.001829719064627599,1.182822635857824
frozenset({'Nature'}),frozenset({'Human'}),0.0786392880090009,0.6522780008361181,0.05511084175764361,0.7008054517397936,1.0743968842142015,0.003816164187956786,1.1621936334931868
frozenset({'Urban'}),frozenset({'Human'}),0.044235344786467234,0.6522780008361181,0.03102264533162743,0.7013089980733704,1.0751688653831684,0.002168903068014181,1.1641529102684396
frozenset({'Indoors'}),frozenset({'Human'}),0.30118417323917185,0.6522780008361181,0.20893552070795068,0.6937134792339634,1.063524261656428,0.012479710304024616,1.1352833885546556
frozenset({'Vehicle'}),frozenset({'Person'}),0.08713233953126885,0.6518985210811175,0.06098085345768485,0.6998647549891723,1.0735792954837617,0.0041794101789129,1.1598153989089968
frozenset({'Sitting'}),frozenset({'Clothing'}),0.06352463041056763,0.5050331922033394,0.03510643670614379,0.5526429115643254,1.0942704758736275,0.0030243898263574848,1.1064244215453665
frozenset({'Night Life'}),frozenset({'Person'}),0.05859875872943725,0.6518985210811175,0.0411023571234172,0.7014202692107421,1.0759654248754806,0.0029019129705078334,1.165857702392323
frozenset({'Teen'}),frozenset({'Human'}),0.04307761588512075,0.6522780008361181,0.03016162610932945,0.7001693452526337,1.0734216765782787,0.0020630449389966825,1.159727978638036
frozenset({'Table'}),frozenset({'Person'}),0.08345327979933166,0.6518985210811175,0.0585798198137533,0.7019474843243062,1.076774162886866,0.004176750133200298,1.1679199490389345
frozenset({'Child'}),frozenset({'Apparel'}),0.04639929126368863,0.5050016273438662,0.025679766784789386,0.5534517033643997,1.0959404354306028,0.002248049189024593,1.1084990725204145
frozenset({'Pub'}),frozenset({'Apparel'}),0.12056373436136573,0.5050016273438662,0.06654328313819236,0.5519344891784966,1.0929360605855492,0.005658401087049056,1.1047455354208844
frozenset({'Pants'}),frozenset({'Person'}),0.033203075679907074,0.6518985210811175,0.02323349017561285,0.6997390964498104,1.0733865376613425,0.0015884542445370083,1.1593300186705666
frozenset({'Sleeve'}),frozenset({'Person'}),0.044165200654304466,0.6518985210811175,0.030873589050781546,0.6990478610623615,1.0723261956524321,0.002082360060989663,1.1566672366831525
frozenset({'Child'}),frozenset({'Clothing'}),0.04639929126368863,0.5050331922033394,0.02569660137650845,0.5538145233829943,1.0965903467984621,0.0022634191936352632,1.1093297154123363
frozenset({'Outdoors'}),frozenset({'Person'}),0.09788753931578607,0.6518985210811175,0.06846873956606034,0.6994632825040128,1.0729634442857967,0.004655997453829663,1.1582660575359829
frozenset({'Evening Dress'}),frozenset({'Apparel'}),0.03852350810445303,0.5050016273438662,0.021326271222107184,0.5535910998625285,1.0962164672106625,0.0018718369383637877,1.1088452145638208
frozenset({'Robe'}),frozenset({'Person'}),0.05899928172408665,0.6518985210811175,0.04141730427682803,0.7019967543082695,1.0768497421102727,0.0029557597760477353,1.1681130455839939
frozenset({'Performer'}),frozenset({'Clothing'}),0.06872827285506258,0.5050331922033394,0.037928335143051946,0.5518592795578757,1.0927188313113545,0.0032182761084375705,1.104489695353591
frozenset({'Plant'}),frozenset({'Human'}),0.0976094178317607,0.6522780008361181,0.06829372995631423,0.6996633262788751,1.0726459046327124,0.004625254030236017,1.1577740235838005
frozenset({'Female'}),frozenset({'Person'}),0.19590239023144757,0.6518985210811175,0.13644576876565967,0.6964987441166834,1.0684158984769598,0.008737290297523043,1.1469523508420436
frozenset({'Gown'}),frozenset({'Apparel'}),0.05394574772242003,0.5050016273438662,0.029952596595484403,0.5552355442287439,1.0994727821949617,0.0027099062073806246,1.1129449897199364
frozenset({'Wood'}),frozenset({'Human'}),0.06626481093350617,0.6522780008361181,0.046372636493466776,0.699807874499177,1.0728675098686957,0.0031495580919760346,1.1583315138055765
frozenset({'Man'}),frozenset({'Clothing'}),0.20129998120137257,0.5050331922033394,0.11035671096970054,0.5482201752383873,1.0855131577523318,0.008693538873099135,1.09559298726506
frozenset({'Bar Counter'}),frozenset({'Clothing'}),0.1109234755575757,0.5050331922033394,0.06126984728219546,0.5523614092888106,1.0937130822609689,0.005249810331063906,1.1057286348129147
frozenset({'Hair'}),frozenset({'Human'}),0.14418687519114276,0.6522780008361181,0.10068664090974133,0.6983065606787379,1.0705658626898629,0.006636714213255859,1.1525673211395415
frozenset({'Female'}),frozenset({'Apparel'}),0.19590239023144757,0.5050016273438662,0.10743906579239021,0.5484316228375623,1.085999713945721,0.008508039924956065,1.096175900904756
frozenset({'Dating'}),frozenset({'Human'}),0.06829653572160074,0.6522780008361181,0.047942812891930336,0.7019801573444528,1.0761978120442885,0.003394485107412075,1.1667746552224738
frozenset({'Jacket'}),frozenset({'Person'}),0.08273535460664573,0.6518985210811175,0.05801375666719976,0.7011966884413378,1.0756224562044772,0.0040787013580055875,1.164985344717446
frozenset({'Photography'}),frozenset({'Clothing'}),0.1416132869820908,0.5050331922033394,0.07791119191715136,0.550168657034311,1.0893712839626566,0.006391781534178437,1.1003386392184198
frozenset({'Transportation'}),frozenset({'Human'}),0.08835600391684834,0.6522780008361181,0.061776989357732265,0.6991826997503245,1.0719090615567013,0.0041443117609822125,1.1559242067370328
frozenset({'Pub'}),frozenset({'Person'}),0.12056373436136573,0.6518985210811175,0.08447738412890808,0.700686525482895,1.074839875876489,0.005882064002717055,1.1629996928153312
frozenset({'Beverage'}),frozenset({'Person'}),0.04604857060287479,0.6518985210811175,0.03227541953205446,0.700899487421647,1.075166555462138,0.002256424458140966,1.1638277578267042
frozenset({'Kid'}),frozenset({'Clothing'}),0.046383508833952,0.5050331922033394,0.02562014427245103,0.5523545957717085,1.093699591034635,0.0021949327404484596,1.105711804748555
frozenset({'Head'}),frozenset({'Person'}),0.14013990948601185,0.6518985210811175,0.09773813231427939,0.6974325349056628,1.0698483158836303,0.006381132575906598,1.1504921020187955
frozenset({'Restaurant'}),frozenset({'Apparel'}),0.053143298850477964,0.5050016273438662,0.029492100367835828,0.5549542652746063,1.0989157959618343,0.0026546479659230425,1.1122415833544892
frozenset({'Woman'}),frozenset({'Human'}),0.10704555721095707,0.6522780008361181,0.07489569567547397,0.6996618788005872,1.0726436855201775,0.0050722336195225814,1.157768443696856
frozenset({'Screen'}),frozenset({'Person'}),0.05078259808254,0.6518985210811175,0.03568617795846906,0.702724541593287,1.0779661540386363,0.0025810773718044425,1.1709728101491401
frozenset({'Cushion'}),frozenset({'Person'}),0.04220888080828487,0.6518985210811175,0.0295927571974894,0.7011026265278482,1.0754781670084632,0.0020768502220793357,1.1646187280776323
frozenset({'Overcoat'}),frozenset({'Clothing'}),0.17566931530909713,0.5050331922033394,0.09660109593192091,0.5499030707892694,1.088845405170645,0.007882260849192621,1.0996893683869644
frozenset({'Evening Dress'}),frozenset({'Human'}),0.03852350810445303,0.6522780008361181,0.027160158694084606,0.7050281770923427,1.080870696526032,0.0020321218425179907,1.1788312379679002
frozenset({'Furniture'}),frozenset({'Person'}),0.21559921326341366,0.6518985210811175,0.14993308249791673,0.6954249982106024,1.066768792568052,0.009384274225244932,1.142908895588161
frozenset({'Outdoors'}),frozenset({'Human'}),0.09788753931578607,0.6522780008361181,0.06857360504364368,0.7005345677596883,1.0739815950587217,0.004723716591975832,1.1611423614490695
frozenset({'Glass'}),frozenset({'Human'}),0.03599902078791501,0.6522780008361181,0.02534342567106891,0.7040031955418293,1.079299308944051,0.0018620563594698505,1.1747491659593943
frozenset({'Teen'}),frozenset({'Person'}),0.04307761588512075,0.6518985210811175,0.030204764750609552,0.7011707618908049,1.0755826853663875,0.0021225306633988854,1.1648842700983726
frozenset({'Road'}),frozenset({'Person'}),0.03272293909525292,0.6518985210811175,0.02296764391471596,0.7018820604059935,1.0766738038337358,0.0016356083130930968,1.1676636414197228
frozenset({'Art'}),frozenset({'Human'}),0.0426784957731146,0.6522780008361181,0.030021688565664728,0.7034383012293735,1.0784332758849384,0.0021834446640848215,1.1725114895326552
frozenset({'Teen'}),frozenset({'Clothing'}),0.04307761588512075,0.5050331922033394,0.023871451057633226,0.5541497728493967,1.0972541634972017,0.0021158251946614137,1.1101638569524968
frozenset({'Man'}),frozenset({'Human'}),0.20129998120137257,0.6522780008361181,0.1400827420182992,0.695890487332763,1.0668618080645684,0.008779192711919737,1.1434104645860474
frozenset({'Building'}),frozenset({'Clothing'}),0.10436079055242713,0.5050331922033394,0.05772791932863648,0.5531571677740026,1.0952887380742438,0.005022256135080103,1.1076977677608215
frozenset({'Electronics'}),frozenset({'Apparel'}),0.08625518715857344,0.5050016273438662,0.0475770112427015,0.5515843488373038,1.0922427156095447,0.004018001360772162,1.1038829072371878
frozenset({'Display'}),frozenset({'Clothing'}),0.04221764882480521,0.5050331922033394,0.023431296628311855,0.5550118796417831,1.0989611934621537,0.0021099826750009196,1.1123146554973438
frozenset({'Screen'}),frozenset({'Apparel'}),0.05078259808254,0.5050016273438662,0.028172689241854162,0.554770537656687,1.0985519800690309,0.0025273945694219632,1.1117826076712876
frozenset({'Nature'}),frozenset({'Apparel'}),0.0786392880090009,0.5050016273438662,0.04346866942192818,0.5527602108624489,1.0945711477600106,0.003755701004219743,1.1067851847678387
frozenset({'Musical Instrument'}),frozenset({'Apparel'}),0.04645540656941884,0.5050016273438662,0.02570677227567205,0.5533644880980242,1.0957677324893582,0.0022467163591946004,1.1082826140451911
frozenset({'Display'}),frozenset({'Apparel'}),0.04221764882480521,0.5050016273438662,0.023341862859804326,0.5528934819811587,1.0948350501149613,0.002021881500645837,1.1071150893740143
frozenset({'Girl'}),frozenset({'Apparel'}),0.07328308207705192,0.5050016273438662,0.04047807434716856,0.552352237377363,1.0937632820760295,0.0034699986414832226,1.1057764921153264
frozenset({'Overcoat'}),frozenset({'Person'}),0.17566931530909713,0.6518985210811175,0.12248147493469581,0.6972274851711285,1.0695337734695838,0.007962908085362888,1.1497129424565873
frozenset({'Lamp'}),frozenset({'Person'}),0.05631381362423508,0.6518985210811175,0.039556731171210606,0.7024338901137227,1.0775203001669595,0.0028458393531340734,1.1698290475750706
frozenset({'Man'}),frozenset({'Person'}),0.20129998120137257,0.6518985210811175,0.13993368573745332,0.6951500189037234,1.066346979512819,0.008706525698621792,1.141877974428827
frozenset({'Architecture'}),frozenset({'Human'}),0.03883424660993409,0.6522780008361181,0.027274142908849105,0.7023219269012978,1.0767217750729463,0.0019434181661444998,1.1681142502175041
frozenset({'Crowd'}),frozenset({'Apparel'}),0.1597469480288096,0.5050016273438662,0.08793724344783661,0.5504783943163506,1.0900527137143625,0.007264774730071741,1.1011670326798233
frozenset({'Outdoors'}),frozenset({'Clothing'}),0.09788753931578607,0.5050331922033394,0.05402010050251256,0.5518588053198807,1.0927178922879353,0.00458364404493123,1.1044885265456688
frozenset({'Monitor'}),frozenset({'Clothing'}),0.04221063441158893,0.5050331922033394,0.023507753732369272,0.556915432806554,1.1027303579332375,0.0021899822905563845,1.1170933145603406
frozenset({'Room'}),frozenset({'Apparel'}),0.23249763614274613,0.5050016273438662,0.1270825792839126,0.5465972961801984,1.0823673956361506,0.009670894678223713,1.091741113332363
frozenset({'Home Decor'}),frozenset({'Human'}),0.07437943486275599,0.6522780008361181,0.052131820464690844,0.7008902468926234,1.0745268827006154,0.003615751389092106,1.1625231058214744
frozenset({'Photography'}),frozenset({'Person'}),0.1416132869820908,0.6518985210811175,0.0987850334868087,0.6975689611618265,1.070057591179941,0.006467541137747848,1.1510110875396844
frozenset({'Monitor'}),frozenset({'Person'}),0.04221063441158893,0.6518985210811175,0.02958714566691638,0.7009405586852119,1.075229558003541,0.0020700955201058274,1.1639875918596165
frozenset({'Hat'}),frozenset({'Apparel'}),0.04634142235465434,0.5050016273438662,0.025691340566596242,0.5543925771198499,1.0978035457742246,0.002288846864066378,1.1108396028431236
frozenset({'Table Lamp'}),frozenset({'Person'}),0.04276898170360457,0.6518985210811175,0.03004448540861763,0.7024830662752366,1.0775957354685037,0.0021634494878924396,1.1700224069965561
frozenset({'Dating'}),frozenset({'Person'}),0.06829653572160074,0.6518985210811175,0.047868810832498616,0.7008966168888524,1.0751621521191301,0.0033464002006233853,1.1638165884253042
frozenset({'Urban'}),frozenset({'Person'}),0.044235344786467234,0.6518985210811175,0.031012474432463827,0.7010790710950074,1.075442033420061,0.002175518586652516,1.1645269543154715
frozenset({'Jacket'}),frozenset({'Human'}),0.08273535460664573,0.6522780008361181,0.05786329750371062,0.6993781289608777,1.0722086718613606,0.0038968458024204317,1.1566756535775473
frozenset({'Female'}),frozenset({'Human'}),0.19590239023144757,0.6522780008361181,0.13654607487465242,0.6970107649698963,1.068579292995376,0.008763255415466742,1.1476381302105794
frozenset({'Automobile'}),frozenset({'Person'}),0.04849695153601621,0.6518985210811175,0.03393222393373905,0.6996774613459842,1.0732919905779652,0.0023171329504674543,1.1590920897212782
frozenset({'Table'}),frozenset({'Apparel'}),0.08345327979933166,0.5050016273438662,0.046082941227634545,0.5522004807773128,1.0934627749254913,0.003938899121789061,1.105401751023263
frozenset({'Pedestrian'}),frozenset({'Human'}),0.03404305166255622,0.6522780008361181,0.023931424290632393,0.7029752951599942,1.077723446534898,0.0017258906098195324,1.1706837629926594
frozenset({'Table'}),frozenset({'Human'}),0.08345327979933166,0.6522780008361181,0.05845145605189544,0.7004093331316087,1.0737895992717734,0.004016717541170181,1.1606569817364654
frozenset({'Vehicle'}),frozenset({'Clothing'}),0.08713233953126885,0.5050331922033394,0.04806696800585844,0.5516547388080729,1.0923138267434163,0.004062244428236508,1.1039858132564846
frozenset({'Monitor'}),frozenset({'Human'}),0.04221063441158893,0.6522780008361181,0.02969201114449972,0.7034248965551623,1.0784127253310427,0.0021589429164842362,1.172458494070988
frozenset({'Alcohol'}),frozenset({'Person'}),0.031939078418333995,0.6518985210811175,0.022459449677196704,0.7031965475968243,1.078690202319578,0.0016384116915909366,1.1728350061306696
frozenset({'Architecture'}),frozenset({'Apparel'}),0.03883424660993409,0.5050016273438662,0.02142342084515262,0.551663099334399,1.092398656685437,0.0018120631104628845,1.1040768045665195
frozenset({'Accessories'}),frozenset({'Clothing'}),0.13854307831732643,0.5050331922033394,0.07644412739296706,0.5517715379318725,1.0925450969363515,0.006475274292690444,1.1042734892667954
frozenset({'Apparel'}),frozenset({'Human'}),0.5050016273438662,0.6522780008361181,0.3467213931185801,0.6865748036144251,1.0525800390850895,0.01731994121573671,1.109425799756428
frozenset({'Human'}),frozenset({'Apparel'}),0.6522780008361181,0.5050016273438662,0.3467213931185801,0.5315546326476405,1.0525800390850895,0.01731994121573671,1.056683248793453
frozenset({'Performer'}),frozenset({'Apparel'}),0.06872827285506258,0.5050016273438662,0.03791570919926265,0.5516755714088885,1.092423353783058,0.0032078195629227785,1.1041075192170502
frozenset({'Food Court'}),frozenset({'Human'}),0.031027204700218008,0.6522780008361181,0.021776596550592157,0.7018549289565601,1.0760058258240999,0.001538233497200947,1.1662845806805864
frozenset({'Blazer'}),frozenset({'Human'}),0.03010796584822493,0.6522780008361181,0.021169849807384213,0.7031311884071477,1.077962444702786,0.0015310860346619375,1.171298518352859
frozenset({'Clothing'}),frozenset({'Human'}),0.5050331922033394,0.6522780008361181,0.34663932448394963,0.6863693908347784,1.052265123083962,0.017217283517672433,1.108699179870868
frozenset({'Human'}),frozenset({'Clothing'}),0.6522780008361181,0.5050331922033394,0.34663932448394963,0.5314288141553332,1.052265123083962,0.017217283517672433,1.056332149200365
frozenset({'Art'}),frozenset({'Person'}),0.0426784957731146,0.6518985210811175,0.02991121155750837,0.7008497140227468,1.0750902040097405,0.0020891632810482418,1.1636341171519102
frozenset({'Leisure Activities'}),frozenset({'Apparel'}),0.08614295654711301,0.5050016273438662,0.04758367493525697,0.5523803319802782,1.0938189147738149,0.004081341694752938,1.1058458955702648
frozenset({'Woman'}),frozenset({'Clothing'}),0.10704555721095707,0.5050331922033394,0.059144830798324395,0.552520182428182,1.0940274638537482,0.005083271328889548,1.1061209653711839
frozenset({'Face'}),frozenset({'Person'}),0.34949594426627834,0.6518985210811175,0.24154412486777832,0.6911213959145336,1.060167148052995,0.013708235676742814,1.1269847581367702
frozenset({'Fashion'}),frozenset({'Human'}),0.07452638681963698,0.6522780008361181,0.05214093920187201,0.6996305795430482,1.072595700983678,0.003529016597619977,1.1576478012804787
frozenset({'Accessories'}),frozenset({'Human'}),0.13854307831732643,0.6522780008361181,0.09686799435480024,0.6991904289359635,1.0719209110834813,0.006499392200292817,1.155953907762658
frozenset({'People'}),frozenset({'Apparel'}),0.1668672788846522,0.5050016273438662,0.09192634024393323,0.5508949439241336,1.0908775617648014,0.0076580928567411,1.1021883765488374
frozenset({'Tie'}),frozenset({'Apparel'}),0.07330903540595216,0.5050016273438662,0.040605035226383174,0.5538885486834048,1.0968054728787051,0.0035838530473682254,1.1095845470795695
frozenset({'Drink'}),frozenset({'Person'}),0.04607487465243582,0.6518985210811175,0.03245253346576545,0.7043433912858144,1.0804494388447479,0.0024163908208446744,1.177384400209352
frozenset({'Performer'}),frozenset({'Person'}),0.06872827285506258,0.6518985210811175,0.048065565123215186,0.6993565111781306,1.072799659091584,0.003261705692540376,1.1578547078567594
frozenset({'Pedestrian'}),frozenset({'Person'}),0.03404305166255622,0.6518985210811175,0.02389389717992531,0.7018729524241237,1.0766598323618344,0.0017012821480168333,1.1676279685099262
frozenset({'Cushion'}),frozenset({'Clothing'}),0.04220888080828487,0.5050331922033394,0.023345370066412463,0.553091425770052,1.0951585644441426,0.0020284842524740873,1.1075348210750262
frozenset({'Coat'}),frozenset({'Clothing'}),0.23689251674340434,0.5050331922033394,0.12962109542688316,0.5471726047272539,1.0834388970357973,0.009982511486878634,1.0930584433800283
frozenset({'Hat'}),frozenset({'Clothing'}),0.04634142235465434,0.5050331922033394,0.02550370501306084,0.5503435957981413,1.0897176745891164,0.0020997485500465624,1.1007667258186347
frozenset({'Court'}),frozenset({'Person'}),0.06633530578632975,0.6518985210811175,0.046347033885227366,0.6986782277677911,1.0717591851705592,0.0031031461476553127,1.1552483457804157
frozenset({'Plant'}),frozenset({'Clothing'}),0.0976094178317607,0.5050331922033394,0.053870693501005866,0.5519005716626364,1.0928005924815076,0.004574697624322194,1.1045914734441742
frozenset({'Chair'}),frozenset({'Person'}),0.054173716151949027,0.6518985210811175,0.037989009817372736,0.7012443028796354,1.0756954958521492,0.002673244376448919,1.1651710152279946
frozenset({'Apparel'}),frozenset({'Person'}),0.5050016273438662,0.6518985210811175,0.34635559146935124,0.6858504462471968,1.0520816109687947,0.01714577746032725,1.1080756752969807
frozenset({'Person'}),frozenset({'Apparel'}),0.6518985210811175,0.5050016273438662,0.34635559146935124,0.5313029256377977,1.0520816109687947,0.01714577746032725,1.056115772281536
frozenset({'Blazer'}),frozenset({'Person'}),0.03010796584822493,0.6518985210811175,0.02115792530491654,0.7027351303496959,1.07798239699067,0.0015305868956979156,1.1710145209165872
frozenset({'Food Court'}),frozenset({'Person'}),0.031027204700218008,0.6518985210811175,0.021834816180287254,0.7037313348480224,1.079510555846859,0.0016082273229340374,1.17495206163742
frozenset({'Photo'}),frozenset({'Person'}),0.14168588615887925,0.6518985210811175,0.09880151735786695,0.6973278710843225,1.0696877635615194,0.006436697712825998,1.1500942626133288
frozenset({'Court'}),frozenset({'Apparel'}),0.06633530578632975,0.5050016273438662,0.03674921228139581,0.553991752141271,1.0970098355030575,0.003249774908946304,1.1098412978517882
frozenset({'Urban'}),frozenset({'Apparel'}),0.044235344786467234,0.5050016273438662,0.024439267807490832,0.5524828149404964,1.094021850674749,0.0021003467042078686,1.1060991380483343
frozenset({'Photo'}),frozenset({'Human'}),0.14168588615887925,0.6522780008361181,0.09878082483887893,0.6971818260578982,1.06884154480792,0.0063622382684713485,1.1482864275853062
frozenset({'Jacket'}),frozenset({'Clothing'}),0.08273535460664573,0.5050331922033394,0.045683470394967576,0.5521638314377642,1.093321864705179,0.003899370149898017,1.1052408057744336
frozenset({'Bar Counter'}),frozenset({'Human'}),0.1109234755575757,0.6522780008361181,0.07767936556035342,0.7002968954036545,1.0736172222671678,0.005326422677863929,1.1602215453597338
frozenset({'Dating'}),frozenset({'Apparel'}),0.06829653572160074,0.5050016273438662,0.03777998030352769,0.5531756465295894,1.0953937899945032,0.0032901186221708234,1.1078142200879686
frozenset({'Jacket'}),frozenset({'Apparel'}),0.08273535460664573,0.5050016273438662,0.04564383896029561,0.5516848169359181,1.0924416616983776,0.003862350245067682,1.104130289036807
frozenset({'Teen'}),frozenset({'Apparel'}),0.04307761588512075,0.5050016273438662,0.023925111318737743,0.5553954374480973,1.0997894014110114,0.002170845194657784,1.1133452383281561
frozenset({'Head'}),frozenset({'Apparel'}),0.14013990948601185,0.5050016273438662,0.0769796778420298,0.549305890979711,1.0877309324107922,0.0062087954957717045,1.0983022913970468
frozenset({'Overcoat'}),frozenset({'Human'}),0.17566931530909713,0.6522780008361181,0.12235311117283795,0.6964967726865264,1.0677912972593386,0.0077678813747703995,1.145694568857869
frozenset({'Screen'}),frozenset({'Clothing'}),0.05078259808254,0.5050331922033394,0.028196888967450318,0.5552470734486689,1.0994268931637112,0.0025499913494459563,1.1129028686437075
frozenset({'Car'}),frozenset({'Human'}),0.04849098928478237,0.6522780008361181,0.03400587527250995,0.701282357280795,1.0751280226864328,0.0023762697232664817,1.1640490866176965
frozenset({'Food'}),frozenset({'Person'}),0.06125196052849395,0.6518985210811175,0.04294328987202905,0.7010924956769694,1.0754626264748508,0.003013227390184864,1.164579255737547
frozenset({'Girl'}),frozenset({'Clothing'}),0.07328308207705192,0.5050331922033394,0.04041915327615184,0.5515482172768605,1.0921029068814014,0.0034087644002789783,1.1037235815878963
frozenset({'Alcohol'}),frozenset({'Human'}),0.031939078418333995,0.6522780008361181,0.022446823733407405,0.7028012342560971,1.0774565957386515,0.0016136655141485018,1.1699981266527701
frozenset({'Lighting'}),frozenset({'Human'}),0.033055422281704445,0.6522780008361181,0.02329100836398632,0.704604774535809,1.0802215828720518,0.001729683601282471,1.1771415689521165
frozenset({'Sleeve'}),frozenset({'Human'}),0.044165200654304466,0.6522780008361181,0.03096512714325396,0.7011204904428756,1.0748798664743393,0.002157138353938229,1.1634186621864164
frozenset({'Food'}),frozenset({'Clothing'}),0.06125196052849395,0.5050331922033394,0.033965893117177175,0.5545274440868957,1.0980019781821164,0.003031619962758931,1.111105052885033
frozenset({'Gown'}),frozenset({'Person'}),0.05394574772242003,0.6518985210811175,0.03794587117609263,0.7034080122745653,1.0790145851351585,0.0027787180172319584,1.1736712160988378
frozenset({'Suit'}),frozenset({'Clothing'}),0.12428488057260058,0.5050331922033394,0.06867110538734993,0.552529841690888,1.0940465898495346,0.005903115409158652,1.1061448425231923
frozenset({'Court'}),frozenset({'Human'}),0.06633530578632975,0.6522780008361181,0.04650029881400301,0.7009886856296923,1.0746777980111775,0.0032312381708432675,1.1629058248051742
frozenset({'Drink'}),frozenset({'Clothing'}),0.04607487465243582,0.5050331922033394,0.02565556705919323,0.5568233717991657,1.1025480708899114,0.00238622603310484,1.1168612609515964
frozenset({'Human'}),frozenset({'Person'}),0.6522780008361181,0.6518985210811175,0.4435707992783572,0.6800333580310374,1.043158307681479,0.018351735199543917,1.0879305316853907
frozenset({'Person'}),frozenset({'Human'}),0.6518985210811175,0.6522780008361181,0.4435707992783572,0.6804292154900632,1.0431583076814788,0.018351735199543917,1.0880907017114068
frozenset({'Art'}),frozenset({'Clothing'}),0.0426784957731146,0.5050331922033394,0.023599642545502498,0.5529633160213003,1.0949048984460867,0.002045585586769705,1.1072174287608234
frozenset({'Musician'}),frozenset({'Human'}),0.03601375105566919,0.6522780008361181,0.02525293974057894,0.7012027073087598,1.0750059122182993,0.0017619621993774058,1.1637387876977776
frozenset({'Restaurant'}),frozenset({'Clothing'}),0.053143298850477964,0.5050331922033394,0.029348655617562967,0.5522550585378087,1.0935025005553625,0.002509525754890024,1.1054659962885516
frozenset({'Hair'}),frozenset({'Person'}),0.14418687519114276,0.6518985210811175,0.10067331352463041,0.6982141293454889,1.071047266969652,0.006678102828216778,1.1534717585151433
frozenset({'Fashion'}),frozenset({'Apparel'}),0.07452638681963698,0.5050016273438662,0.04129420132488237,0.5540883314901527,1.0972010811221848,0.0036582547009072278,1.1100816767372896
frozenset({'Audience'}),frozenset({'Clothing'}),0.05981084933320988,0.5050331922033394,0.03319535982536917,0.5550056585960818,1.0989488753694077,0.002988895658225209,1.1122991052764482
frozenset({'Tree'}),frozenset({'Person'}),0.030647023503895806,0.6518985210811175,0.021540912266525256,0.7028712678667475,1.0781912293666445,0.001562162968797333,1.1715510527025383
frozenset({'Interior Design'}),frozenset({'Apparel'}),0.08517777328855332,0.5050016273438662,0.047006038006896574,0.5518580281226196,1.0927846530420147,0.003991123882650251,1.1045570460237413
frozenset({'Overcoat'}),frozenset({'Apparel'}),0.17566931530909713,0.5050016273438662,0.09668737321448112,0.5503942054100674,1.0898860035460687,0.007974083109004312,1.1009608386110814
frozenset({'Table'}),frozenset({'Clothing'}),0.08345327979933166,0.5050331922033394,0.04628635921090657,0.5546379881318607,1.098220862894392,0.004139682914011636,1.111380842116386
frozenset({'Crowd'}),frozenset({'Human'}),0.1597469480288096,0.6522780008361181,0.11163508777836699,0.6988245419138408,1.0713599738425292,0.007435667878463809,1.154549581740511
frozenset({'Tree'}),frozenset({'Human'}),0.030647023503895806,0.6522780008361181,0.021425875889778317,0.6991176773514299,1.071809376454933,0.0014354966670796394,1.1556744048736305
frozenset({'Sitting'}),frozenset({'Apparel'}),0.06352463041056763,0.5050016273438662,0.035111346795395175,0.5527202058235703,1.0944919301165172,0.003031305061640864,1.1066861930742202
frozenset({'Accessory'}),frozenset({'Apparel'}),0.13863987721971105,0.5050016273438662,0.07634522416661757,0.5506729066531749,1.0904378854173675,0.006331860555909688,1.101643724550694
frozenset({'Hat'}),frozenset({'Person'}),0.04634142235465434,0.6518985210811175,0.03236871122783095,0.6984833348469713,1.071460223116624,0.002158806530036351,1.1545016217999449
frozenset({'Dating'}),frozenset({'Clothing'}),0.06829653572160074,0.5050331922033394,0.03783469272661465,0.5539767475299385,1.096911561620475,0.00334267527470522,1.1097331922843738
frozenset({'Table Lamp'}),frozenset({'Human'}),0.04276898170360457,0.6522780008361181,0.02995820812605742,0.7004657799353812,1.0738761372259893,0.0020609422426337218,1.160875705917232
frozenset({'Door'}),frozenset({'Person'}),0.05244957338338819,0.6518985210811175,0.03662856437407585,0.6983577179233422,1.0712675291319518,0.0024367650541095437,1.1540208372724678
frozenset({'Glass'}),frozenset({'Person'}),0.03599902078791501,0.6518985210811175,0.025258901991812778,0.7016552516976315,1.076325883565431,0.0017911935798025774,1.1667759560027056
frozenset({'Animal'}),frozenset({'Person'}),0.03360394939521729,0.6518985210811175,0.023644184069425856,0.7036132506731794,1.0793294169563348,0.0017378191561989928,1.174483946092465
frozenset({'Transportation'}),frozenset({'Clothing'}),0.08835600391684834,0.5050331922033394,0.04871580122836404,0.5513581315222267,1.0917265241850393,0.004093086519907363,1.1032559432673241
frozenset({'Text'}),frozenset({'Person'}),0.03376352729588759,0.6518985210811175,0.02365084776198132,0.7004850990453834,1.0745308915315366,0.0016404542513102638,1.162217565167577
frozenset({'Transportation'}),frozenset({'Apparel'}),0.08835600391684834,0.5050016273438662,0.048776125182024024,0.5520408689818876,1.0931467129827512,0.004156199418414594,1.1050078866148159
frozenset({'Pub'}),frozenset({'Human'}),0.12056373436136573,0.6522780008361181,0.08432026127286348,0.6993832906679078,1.0722165852158254,0.005679189650295041,1.1566955141530486
frozenset({'Coat'}),frozenset({'Human'}),0.23689251674340434,0.6522780008361181,0.16473559870822566,0.6954022903419227,1.0661133587987424,0.010215821473801234,1.1415778521585513
frozenset({'Monitor'}),frozenset({'Apparel'}),0.04221063441158893,0.5050016273438662,0.023480748241486608,0.5562756534888745,1.1015323978552147,0.0021643091724171983,1.115553781414432
frozenset({'Musical Instrument'}),frozenset({'Person'}),0.04645540656941884,0.6518985210811175,0.03252337903924985,0.700098900020384,1.0739384695325438,0.002239168200423681,1.1607209141365027
frozenset({'Architecture'}),frozenset({'Person'}),0.03883424660993409,0.6518985210811175,0.0273095656955913,0.7032340802153043,1.0787477766463578,0.001993577763275866,1.1729833370739837
frozenset({'Lamp'}),frozenset({'Human'}),0.05631381362423508,0.6522780008361181,0.0395262184737198,0.7018920568488971,1.0760627461744556,0.002793956703445996,1.1664298357445342
frozenset({'Animal'}),frozenset({'Human'}),0.03360394939521729,0.6522780008361181,0.023599291824841686,0.7022773289915879,1.0766534025237375,0.0016801748931312734,1.167939270416048
frozenset({'Table Lamp'}),frozenset({'Apparel'}),0.04276898170360457,0.5050016273438662,0.02367118956030852,0.5534662883571416,1.095969316511281,0.0020727842001481735,1.1085352790833358
frozenset({'Beverage'}),frozenset({'Clothing'}),0.04604857060287479,0.5050331922033394,0.025545090051036872,0.5547423018043063,1.0984274110461887,0.002289033443066163,1.1116412131725106
frozenset({'Car'}),frozenset({'Clothing'}),0.04849098928478237,0.5050331922033394,0.026816101725826227,0.5530120569068646,1.0950014087078215,0.0023265426142346605,1.1073381630195966
frozenset({'Screen'}),frozenset({'Human'}),0.05078259808254,0.6522780008361181,0.035552553386698986,0.7000932352636485,1.073304993217982,0.002428181832155714,1.1594336642241627
frozenset({'Photo'}),frozenset({'Apparel'}),0.14168588615887925,0.5050016273438662,0.0780413092823133,0.5508051041499066,1.0906996617950535,0.006489706200421511,1.1019679369226982
frozenset({'Hair'}),frozenset({'Apparel'}),0.14418687519114276,0.5050016273438662,0.07923200592577628,0.5495091409723776,1.088133406346838,0.006417399312622252,1.0987978173954076
frozenset({'Portrait'}),frozenset({'Person'}),0.09908279532783965,0.6518985210811175,0.06926171898016044,0.6990287138245456,1.0722968241518125,0.004669791241358717,1.1565936516480615
frozenset({'Home Decor'}),frozenset({'Clothing'}),0.07437943486275599,0.5050331922033394,0.04120231251174914,0.5539476414115695,1.0968539295305086,0.0036382290887311333,1.1096607792031947
frozenset({'Chair'}),frozenset({'Apparel'}),0.054173716151949027,0.5050016273438662,0.029942074975659986,0.5527048373731096,1.0944614976394151,0.002584260159661036,1.1066481688491563
frozenset({'People'}),frozenset({'Human'}),0.1668672788846522,0.6522780008361181,0.11645539254059241,0.6978923208851074,1.0699307963636961,0.007611537464748491,1.1509869599562284
frozenset({'Kid'}),frozenset({'Person'}),0.046383508833952,0.6518985210811175,0.032555996060705535,0.7018873060520824,1.0766818505556093,0.0023186552492992785,1.167684187845078
frozenset({'Restaurant'}),frozenset({'Person'}),0.053143298850477964,0.6518985210811175,0.03722303589415531,0.7004276493803043,1.0744427648320256,0.0025789979681568737,1.1619946840848279
frozenset({'Coat'}),frozenset({'Person'}),0.23689251674340434,0.6518985210811175,0.1646980715975186,0.695243876259355,1.0664909549209485,0.010268190277309464,1.1422296446293088
frozenset({'Hair'}),frozenset({'Clothing'}),0.14418687519114276,0.5050331922033394,0.07934213221327183,0.5502729156734352,1.0895777231447414,0.006522974361664519,1.1005937268328838
frozenset({'Crowd'}),frozenset({'Person'}),0.1597469480288096,0.6518985210811175,0.11138853115381486,0.6972811219762801,1.0696160513140902,0.00724973198661176,1.1499166526760405
frozenset({'Robe'}),frozenset({'Human'}),0.05899928172408665,0.6522780008361181,0.041409237701629305,0.7018600310302395,1.0760136477553512,0.002925304167875148,1.1663045393257903
frozenset({'Audience'}),frozenset({'Human'}),0.05981084933320988,0.6522780008361181,0.041944086709370415,0.7012789013527856,1.0751227244424248,0.0029307854779940037,1.1640356196417747
frozenset({'Lamp'}),frozenset({'Clothing'}),0.05631381362423508,0.5050331922033394,0.03115802350670157,0.5532927269783142,1.0955571544999447,0.002717678446910222,1.1080339132347907
frozenset({'Beverage'}),frozenset({'Apparel'}),0.04604857060287479,0.5050016273438662,0.025538777079142223,0.5546052080397876,1.0982245957440158,0.0022841739878315358,1.111369916288452
frozenset({'Bar Counter'}),frozenset({'Person'}),0.1109234755575757,0.6518985210811175,0.07757379864144845,0.6993451859627601,1.072782286425434,0.005262948972287365,1.1578110932085914
frozenset({'Hat'}),frozenset({'Human'}),0.04634142235465434,0.6522780008361181,0.0324588464376601,0.7004283595192686,1.0738187684107532,0.002231356108263978,1.1607306973580085
frozenset({'Lamp'}),frozenset({'Apparel'}),0.05631381362423508,0.5050016273438662,0.031106116848901123,0.5523709876312545,1.0938004111720088,0.002667549326723223,1.1058228108064778
frozenset({'Female'}),frozenset({'Clothing'}),0.19590239023144757,0.5050331922033394,0.10732683518092978,0.547858732372429,1.0847974763445785,0.008389625682077517,1.0947171674768803
frozenset({'Pants'}),frozenset({'Human'}),0.033203075679907074,0.6522780008361181,0.02332572970940689,0.7025171383000074,1.0770210514527405,0.001668093883306774,1.168880779137303
frozenset({'Bar Counter'}),frozenset({'Apparel'}),0.1109234755575757,0.5050016273438662,0.0612354766574357,0.5520515504010776,1.0931678642397207,0.005218940990222402,1.105034235745962
frozenset({'Man'}),frozenset({'Apparel'}),0.20129998120137257,0.5050016273438662,0.110195730186387,0.5474204693350245,1.083997436234546,0.008538912095404166,1.0937268239436995
frozenset({'Dungeon'}),frozenset({'Person'}),0.03221264053376879,0.6518985210811175,0.022539063267201447,0.6996962339542936,1.0733207874040085,0.001539690543119917,1.159164546960431
frozenset({'Door'}),frozenset({'Clothing'}),0.05244957338338819,0.5050331922033394,0.028915866322118688,0.5513079412630058,1.0916271440650873,0.0024270908466028467,1.1031325341257952
frozenset({'Tie'}),frozenset({'Clothing'}),0.07330903540595216,0.5050331922033394,0.04058679775202085,0.5536397734231475,1.0962443300167048,0.0035633015836051968,1.1088954129998838
frozenset({'People'}),frozenset({'Clothing'}),0.1668672788846522,0.5050331922033394,0.09178710414159014,0.5500605316698334,1.0891571884019156,0.007513589612189342,1.1000742158353016
frozenset({'Room'}),frozenset({'Person'}),0.23249763614274613,0.6518985210811175,0.1618197071342194,0.6960058167424432,1.067659757209109,0.010254841977907436,1.1450925645638297
frozenset({'Chair'}),frozenset({'Human'}),0.054173716151949027,0.6522780008361181,0.038027939810723076,0.7019629169256267,1.0761713809538578,0.0026916165412664422,1.166707161327002
frozenset({'Housing'}),frozenset({'Person'}),0.03404410382453866,0.6518985210811175,0.02391774618486065,0.7025517930544253,1.0777011610477405,0.0017244452501118841,1.170292746066464
frozenset({'Room'}),frozenset({'Human'}),0.23249763614274613,0.6522780008361181,0.1618151477656288,0.6959862063555754,1.0670085538120713,0.010162054463315168,1.1437704684234773
frozenset({'Photography'}),frozenset({'Human'}),0.1416132869820908,0.6522780008361181,0.09902212065351886,0.6992431484627691,1.0720017347916826,0.006650888929009197,1.1561565343785267
frozenset({'Portrait'}),frozenset({'Clothing'}),0.09908279532783965,0.5050331922033394,0.054623690759773184,0.5512933963867022,1.091598344222764,0.004583590342924201,1.1030967759574817
frozenset({'Fashion'}),frozenset({'Person'}),0.07452638681963698,0.6518985210811175,0.052306128633115324,0.7018471022847597,1.0766201787370322,0.003722487283874691,1.1675267340562527
frozenset({'Coat'}),frozenset({'Apparel'}),0.23689251674340434,0.5050016273438662,0.12963301992935083,0.547222941912369,1.0836062940837878,0.01000191346834757,1.0932496773286848
frozenset({'Accessory'}),frozenset({'Person'}),0.13863987721971105,0.6518985210811175,0.09684344390854327,0.6985251707563875,1.0715243986102987,0.006464312986145929,1.1546618329372782
frozenset({'Kid'}),frozenset({'Apparel'}),0.046383508833952,0.5050016273438662,0.025699056421134146,0.5540558932946194,1.097136847278615,0.002275308978069792,1.1100009288454653
frozenset({'Car'}),frozenset({'Apparel'}),0.04849098928478237,0.5050016273438662,0.02682381758036413,0.5531711762536073,1.095384937991381,0.0023357890800350563,1.1078031370175905
frozenset({'Plant'}),frozenset({'Apparel'}),0.0976094178317607,0.5050016273438662,0.05398187195048385,0.5530395852122265,1.0951243625115097,0.004688957101357305,1.1074769851624775
frozenset({'Robe'}),frozenset({'Apparel'}),0.05899928172408665,0.5050016273438662,0.03266822667216596,0.5537054980591238,1.0964429975630436,0.0028734933893829785,1.1091294436822565
frozenset({'Wood'}),frozenset({'Person'}),0.06626481093350617,0.6518985210811175,0.046423490989284784,0.7005753179597648,1.0746692856396132,0.0032255587420122536,1.1625677500831624
frozenset({'Tie'}),frozenset({'Person'}),0.07330903540595216,0.6518985210811175,0.051392150591034455,0.7010343309859154,1.0753734029390194,0.0036020988280109703,1.164352683259037
frozenset({'Night Life'}),frozenset({'Human'}),0.05859875872943725,0.6522780008361181,0.041055711275528955,0.7006242481191757,1.0741190830000173,0.002833030080013607,1.161490190769703
frozenset({'Text'}),frozenset({'Human'}),0.03376352729588759,0.6522780008361181,0.02371678324621432,0.7024379602987463,1.076899664557644,0.0016935771604770639,1.1685697527580727
frozenset({'Architecture'}),frozenset({'Clothing'}),0.03883424660993409,0.5050331922033394,0.021475327502953067,0.5529997200321511,1.094976980858516,0.0018627439707263396,1.1073076013112604
frozenset({'Interior Design'}),frozenset({'Person'}),0.08517777328855332,0.6518985210811175,0.059563591267336125,0.6992856113478682,1.0726909000931055,0.004036326831545506,1.1575817189165776
frozenset({'Interior Design'}),frozenset({'Human'}),0.08517777328855332,0.6522780008361181,0.05962321377967447,0.6999855887015419,1.0731399614953596,0.004063626103344813,1.1590176540485042
frozenset({'Finger'}),frozenset({'Clothing'}),0.0943508721721393,0.5050331922033394,0.052064832818475404,0.5518214259162888,1.0926438785316732,0.004414510658210663,1.1043964089729337
frozenset({'Finger'}),frozenset({'Apparel'}),0.0943508721721393,0.5050016273438662,0.05208727894076749,0.5520593264441306,1.0931832622951565,0.004439934952524038,1.1050534186295433
frozenset({'Evening Dress'}),frozenset({'Clothing'}),0.03852350810445303,0.5050331922033394,0.021445866967444705,0.5566955872579457,1.1022950488248415,0.001990216694581576,1.1165393205428502
frozenset({'Restaurant'}),frozenset({'Human'}),0.053143298850477964,0.6522780008361181,0.03735560830394294,0.7029222707654131,1.0776421554373703,0.0026914035719168006,1.170474811625155
frozenset({'Face'}),frozenset({'Clothing'}),0.34949594426627834,0.5050331922033394,0.18996398800254763,0.5435370313133462,1.0762402149094867,0.013456935607628673,1.0843526019663565
frozenset({'Face'}),frozenset({'Apparel'}),0.34949594426627834,0.5050016273438662,0.18971637921601306,0.5428285573221691,1.074904570461009,0.013220358611461341,1.0827412354471133
frozenset({'Musician'}),frozenset({'Person'}),0.03601375105566919,0.6518985210811175,0.025232597942251737,0.700637873107075,1.0747652440522915,0.0017552868904774609,1.1628106819383688
frozenset({'Car'}),frozenset({'Person'}),0.04849098928478237,0.6518985210811175,0.034030776439427736,0.7017958788089194,1.0765416028940384,0.002419572238917797,1.1673261842542717
frozenset({'Accessory'}),frozenset({'Human'}),0.13863987721971105,0.6522780008361181,0.09702967657943543,0.6998684543384772,1.072960384132771,0.0065979346303974284,1.1585653164097247
frozenset({'Tie'}),frozenset({'Human'}),0.07330903540595216,0.6522780008361181,0.0514465122934606,0.7017758726270668,1.0758846254626098,0.0036286412356419315,1.1659754099273494
frozenset({'Sitting'}),frozenset({'Human'}),0.06352463041056763,0.6522780008361181,0.04462955480922199,0.7025551273698972,1.0770792920646286,0.003193835881163662,1.1690300662748452
frozenset({'Outdoors'}),frozenset({'Apparel'}),0.09788753931578607,0.5050016273438662,0.05397520825792839,0.5514001949094245,1.091878055541323,0.0045418416067697365,1.1034297541796525
frozenset({'Crowd'}),frozenset({'Clothing'}),0.1597469480288096,0.5050331922033394,0.08795372731889486,0.5505815817090467,1.0901889028461487,0.007276216211164199,1.1013496279901445
frozenset({'Automobile'}),frozenset({'Human'}),0.04849695153601621,0.6522780008361181,0.03399289860805984,0.700928564196763,1.0745856265247065,0.0023594040135010846,1.162672049338248
frozenset({'Door'}),frozenset({'Apparel'}),0.05244957338338819,0.5050016273438662,0.028856594530441152,0.5501778693128627,1.0894576166152332,0.002369474618338585,1.1004313458299315
frozenset({'Gown'}),frozenset({'Human'}),0.05394574772242003,0.6522780008361181,0.03784556506709988,0.7015486236623455,1.0755362326539761,0.002657940589110175,1.1650876046571983
frozenset({'Wood'}),frozenset({'Apparel'}),0.06626481093350617,0.5050016273438662,0.0365994545592283,0.5523211195147639,1.0937016627446963,0.0031356172021740625,1.1056996303234328
frozenset({'Road'}),frozenset({'Human'}),0.03272293909525292,0.6522780008361181,0.023034982281592217,0.7039398941073075,1.0792022622332302,0.0016905289870585913,1.1744979895734902
frozenset({'Suit'}),frozenset({'Person'}),0.12428488057260058,0.6518985210811175,0.0868801713761437,0.6990405508366961,1.0723149819045419,0.005859041538122084,1.1566391415409554
frozenset({'Electronics'}),frozenset({'Person'}),0.08625518715857344,0.6518985210811175,0.06030852195090472,0.6991871902153803,1.0725399239376072,0.004078893006655697,1.1572029767220395
frozenset({'Robe'}),frozenset({'Clothing'}),0.05899928172408665,0.5050331922033394,0.0326969857663527,0.5541929462677517,1.0973396497959669,0.002900390179533075,1.1102713688642927
frozenset({'Urban'}),frozenset({'Clothing'}),0.044235344786467234,0.5050331922033394,0.024509762660314415,0.5540764467560475,1.0971089728553167,0.0021694452745895203,1.1099813055308112
frozenset({'Furniture'}),frozenset({'Apparel'}),0.21559921326341366,0.5050016273438662,0.11821951746448603,0.5483300039692094,1.0857984891122736,0.009341563912404857,1.0959292780262284
frozenset({'Cushion'}),frozenset({'Apparel'}),0.04220888080828487,0.5050016273438662,0.0232931126879512,0.5518533598118803,1.0927754088921218,0.0019775591914040595,1.1045455399338642
frozenset({'Shirt'}),frozenset({'Human'}),0.036962450443170626,0.6522780008361181,0.025984543039036613,0.7029983869437328,1.0777588482864655,0.0018747497579611888,1.170774783293873
frozenset({'Furniture'}),frozenset({'Clothing'}),0.21559921326341366,0.5050331922033394,0.11810377964641745,0.547793184672345,1.0846676874493217,0.009219020735467098,1.0945584874434564
frozenset({'Head'}),frozenset({'Clothing'}),0.14013990948601185,0.5050331922033394,0.07715363528979347,0.5505472036678788,1.0901208319912055,0.006378329446985853,1.1012653872352527
frozenset({'Suit'}),frozenset({'Human'}),0.12428488057260058,0.6522780008361181,0.08696995586531205,0.6997629596184779,1.0727986513748609,0.005901662431260446,1.158158229650875
frozenset({'Musical Instrument'}),frozenset({'Human'}),0.04645540656941884,0.6522780008361181,0.03260369407057622,0.7018277629721343,1.0759641779616993,0.002301854345446632,1.1661783224015776
frozenset({'Lighting'}),frozenset({'Person'}),0.033055422281704445,0.6518985210811175,0.023179829914508333,0.7012413793103449,1.07569101115216,0.0016310490153533877,1.1651596131864723
frozenset({'Indoors'}),frozenset({'Clothing'}),0.30118417323917185,0.5050331922033394,0.16421653213022117,0.5452362598077689,1.079604802664619,0.012108527678118625,1.088404294474831
frozenset({'Nature'}),frozenset({'Clothing'}),0.0786392880090009,0.5050331922033394,0.04350514437065282,0.5532240368920087,1.095421143466678,0.0037896937148692994,1.10786355728144
frozenset({'Room'}),frozenset({'Clothing'}),0.23249763614274613,0.5050331922033394,0.12732282293657007,0.5476306127189953,1.0843457839470183,0.00990379957566849,1.0941651263620873
frozenset({'Cushion'}),frozenset({'Human'}),0.04220888080828487,0.6522780008361181,0.02958153413634336,0.7008367331677039,1.0744448414162997,0.0020496097451853136,1.1623151560208316
frozenset({'Electronics'}),frozenset({'Human'}),0.08625518715857344,0.6522780008361181,0.06041373814914887,0.7004070148046043,1.073786045070955,0.0041513771076093775,1.1606480002764294
frozenset({'Portrait'}),frozenset({'Apparel'}),0.09908279532783965,0.5050016273438662,0.05459072301765668,0.5509606671575012,1.0910077063619847,0.004553750135318439,1.1023496973476825
frozenset({'Woman'}),frozenset({'Person'}),0.10704555721095707,0.6518985210811175,0.07487675675979001,0.6994849549171734,1.0729966893576288,0.005093916325662945,1.158349588863148
frozenset({'Face'}),frozenset({'Human'}),0.34949594426627834,0.6522780008361181,0.24162128341315736,0.6913421668466284,1.0598888295488063,0.013652767586817993,1.1265613952233617
frozenset({'Photography'}),frozenset({'Apparel'}),0.1416132869820908,0.5050016273438662,0.07781509445608838,0.5494900663235739,1.0880956348867656,0.006300154076618575,1.09875129415384
frozenset({'Night Life'}),frozenset({'Clothing'}),0.05859875872943725,0.5050331922033394,0.032399574645982566,0.5529054769842172,1.094790373226802,0.00280525646570157,1.107074191958258
frozenset({'Furniture'}),frozenset({'Human'}),0.21559921326341366,0.6522780008361181,0.15031887522481194,0.6972143958668168,1.0688914772123195,0.009688251415512605,1.1484099455763193
frozenset({'Evening Dress'}),frozenset({'Person'}),0.03852350810445303,0.6518985210811175,0.027075284294167657,0.7028249924891434,1.0781202438127468,0.001961866334018285,1.1713686215896386
frozenset({'Wood'}),frozenset({'Clothing'}),0.06626481093350617,0.5050331922033394,0.036582619967509236,0.5520670692657418,1.093130269036783,0.003116690971009868,1.1050020523949953
frozenset({'Audience'}),frozenset({'Apparel'}),0.05981084933320988,0.5050016273438662,0.03312416353122396,0.5538153010783583,1.0966604285836368,0.002919587285134171,1.1094023928934968
frozenset({'Girl'}),frozenset({'Human'}),0.07328308207705192,0.6522780008361181,0.05140512725548457,0.7014596793491267,1.075399873136861,0.0036041849831559905,1.1647404893442312
frozenset({'Clothing'}),frozenset({'Apparel'}),0.5050331922033394,0.5050016273438662,0.27141430210797146,0.5374187405858525,1.064192096592815,0.016371718182617456,1.070078743101357
frozenset({'Apparel'}),frozenset({'Clothing'}),0.5050016273438662,0.5050331922033394,0.27141430210797146,0.537452331659834,1.064192096592815,0.016371718182617456,1.070088212903179
frozenset({'Display'}),frozenset({'Person'}),0.04221764882480521,0.6518985210811175,0.029595212242115098,0.7010151693887385,1.0753440094114117,0.002073589409702606,1.16427806122205
frozenset({'Photo'}),frozenset({'Clothing'}),0.14168588615887925,0.5050331922033394,0.0780718219798041,0.5510204586803966,1.091057909038465,0.006515746602826361,1.1024261959507002
frozenset({'Performer'}),frozenset({'Human'}),0.06872827285506258,0.6522780008361181,0.04808275043559506,0.6996065583809188,1.0725588744126475,0.0032528100167755966,1.157555229201097
frozenset({'Nature'}),frozenset({'Person'}),0.0786392880090009,0.6518985210811175,0.05511189391962605,0.7008188313368001,1.0750428305536766,0.0038470583676863124,1.1635140021488257
frozenset({'Vehicle'}),frozenset({'Apparel'}),0.08713233953126885,0.5050016273438662,0.048055744944712396,0.551525934035856,1.0921270431081411,0.00405377168714334,1.1037391238933079
frozenset({'Automobile'}),frozenset({'Apparel'}),0.04849695153601621,0.5050016273438662,0.02684556226133459,0.553551541098367,1.0961381332766322,0.0023545228144297922,1.1087469623569648
frozenset({'Drink'}),frozenset({'Human'}),0.04607487465243582,0.6522780008361181,0.03237151699311746,0.7025850257284658,1.0771251288988162,0.00231788986605189,1.1691475858455547
frozenset({'Automobile'}),frozenset({'Clothing'}),0.04849695153601621,0.5050331922033394,0.026898871801778294,0.5546507759730398,1.0982461836879092,0.002406301555413385,1.1114127545144137
frozenset({'Pub'}),frozenset({'Clothing'}),0.12056373436136573,0.5050331922033394,0.06642473955483728,0.5509512450546894,1.0909208613616472,0.005536051926361307,1.1022562747266549
frozenset({'Accessories'}),frozenset({'Apparel'}),0.13854307831732643,0.5050016273438662,0.07632032299969978,0.5508779213414882,1.0908438537889775,0.006355842992221222,1.1021466015089938
frozenset({'Fashion'}),frozenset({'Clothing'}),0.07452638681963698,0.5050331922033394,0.04124229466708192,0.5533918445139887,1.0957534139482437,0.0036039956281797778,1.1082798236365032
frozenset({'Accessory'}),frozenset({'Clothing'}),0.13863987721971105,0.5050331922033394,0.0763715282161786,0.5508626359726789,1.0907454093648707,0.006353788457228893,1.1020388136012476
frozenset({'Vehicle'}),frozenset({'Human'}),0.08713233953126885,0.6522780008361181,0.060901941309001735,0.6989590964345229,1.0715662578510496,0.004067433071371827,1.1550656241245687
frozenset({'Woman'}),frozenset({'Apparel'}),0.10704555721095707,0.5050016273438662,0.05923286168418867,0.5533425508492347,1.095724292532729,0.005174681092724412,1.1082281815679544
frozenset({'Gown'}),frozenset({'Clothing'}),0.05394574772242003,0.5050331922033394,0.030034314509454027,0.5567503608254125,1.1024035042062155,0.002789921331404214,1.1166772943535386
frozenset({'Kid'}),frozenset({'Human'}),0.046383508833952,0.6522780008361181,0.03255985398797449,0.7019704805976469,1.0761829767335873,0.002304911573999851,1.1667367711130714
frozenset({'Suit'}),frozenset({'Apparel'}),0.12428488057260058,0.5050016273438662,0.0685539646866381,0.5515873239834072,1.0922486069689825,0.005789897743236752,1.1038902313230259
frozenset({'Finger'}),frozenset({'Person'}),0.0943508721721393,0.6518985210811175,0.0658702501900906,0.6981414021262361,1.070935704791029,0.004363056158359427,1.1531938509316777
frozenset({'Clothing'}),frozenset({'Person'}),0.5050331922033394,0.6518985210811175,0.34647308289072387,0.6860402211964414,1.0523727221511454,0.017242691796491183,1.1087454585597922
frozenset({'Person'}),frozenset({'Clothing'}),0.6518985210811175,0.5050331922033394,0.34647308289072387,0.5314831552557109,1.0523727221511454,0.017242691796491183,1.0564546682773115
frozenset({'Girl'}),frozenset({'Person'}),0.07328308207705192,0.6518985210811175,0.05145282526535525,0.7021105527638192,1.0770243067884697,0.003679692439058961,1.168559283145372
frozenset({'Food'}),frozenset({'Apparel'}),0.06125196052849395,0.5050016273438662,0.03389960691228336,0.5534452549729166,1.0959276663797048,0.0029672671673916517,1.1084830654438849
frozenset({'Leisure Activities'}),frozenset({'Person'}),0.08614295654711301,0.6518985210811175,0.06031167843685204,0.7001347626589364,1.073993482141704,0.0041552124622341036,1.1608597315431917
frozenset({'Night Life'}),frozenset({'Apparel'}),0.05859875872943725,0.5050016273438662,0.0325195211119809,0.5549523883625308,1.0989120793162357,0.0029270525932845043,1.112236892666113
frozenset({'Art'}),frozenset({'Apparel'}),0.0426784957731146,0.5050016273438662,0.02359052380832134,0.5527496548550391,1.0945502448423998,0.0020378139903101528,1.1067590624121195
frozenset({'Indoors'}),frozenset({'Person'}),0.30118417323917185,0.6518985210811175,0.20889273278733142,0.6935714135996405,1.0639254288373168,0.012551215679676209,1.1359954467958024
frozenset({'Drink'}),frozenset({'Apparel'}),0.04607487465243582,0.5050016273438662,0.025652410573245906,0.5567548640501782,1.1024813266018885,0.002384523894101164,1.1167598525258735
